MTBLS1, 131
MTBLS2, 15
MTBLS3, 63
MTBLS4, 59
MTBLS5, 34
MTBLS6, 18
MTBLS7, 112
MTBLS8, 125
MTBLS9, N/A
MTBLS10, 29
MTBLS11, 106
MTBLS12, 68
MTBLS13, 82
MTBLS14, 95
MTBLS15, 94
MTBLS16, 82
MTBLS17, 1049
MTBLS18, N/A
MTBLS19, 359
MTBLS20, 147
MTBLS21, 39
MTBLS22, 29
MTBLS23, 11
MTBLS24, 105
MTBLS25, 7
MTBLS26, 17
MTBLS27, 109
MTBLS28, 2009
MTBLS29, 1703
MTBLS30, N/A
MTBLS31, 167
MTBLS32, 22
MTBLS33, 24
MTBLS34, 35
MTBLS35, 17
MTBLS36, 164
MTBLS37, 11
MTBLS38, 56
MTBLS39, 26
MTBLS40, 50
MTBLS41, 27
MTBLS42, 29
MTBLS43, 46
MTBLS44, 45
MTBLS45, 53
MTBLS46, 9
MTBLS47, 658
MTBLS48, 79
MTBLS49, 32
MTBLS50, N/A
MTBLS51, N/A
MTBLS52, 546
MTBLS53, N/A
MTBLS54, 39
MTBLS55, 77
MTBLS56, 53
MTBLS57, 47
MTBLS58, 15
MTBLS59, 83
MTBLS60, N/A
MTBLS61, 43
MTBLS62, 4066
MTBLS63, 4046
MTBLS64, 4134
MTBLS65, 4135
MTBLS66, 8166
MTBLS67, 11
MTBLS68, 3937
MTBLS69, 17
MTBLS70, N/A
MTBLS71, 234
MTBLS72, 1011
MTBLS73, 164
MTBLS74, 107
MTBLS75, 47
MTBLS76, N/A
MTBLS77, 72
MTBLS78, 122
MTBLS79, 207
MTBLS80, N/A
MTBLS81, 11
MTBLS82, N/A
MTBLS83, N/A
MTBLS84, N/A
MTBLS85, 33
MTBLS86, 99
MTBLS87, 13
MTBLS88, 11
MTBLS89, N/A
MTBLS90, 967
MTBLS91, 137
MTBLS92, 446
MTBLS93, 2138
MTBLS94, 455
MTBLS95, 17
MTBLS96, 29
MTBLS97, N/A
MTBLS98, 50
MTBLS99, 337
MTBLS100, 14
MTBLS101, N/A
MTBLS102, 10
MTBLS103, 31
MTBLS104, 41
MTBLS105, 266
MTBLS106, 7
MTBLS107, 35
MTBLS108, 35
MTBLS109, 35
MTBLS110, 35
MTBLS111, 35
MTBLS112, 295
MTBLS113, 113
MTBLS114, 14
MTBLS115, N/A
MTBLS116, 70
MTBLS117, 25
MTBLS118, 19
MTBLS119, 311
MTBLS120, 143
MTBLS121, 23
MTBLS122, N/A
MTBLS123, 1595
MTBLS124, 1137
MTBLS125, 59
MTBLS126, 71
MTBLS127, 25
MTBLS128, 15
MTBLS129, 23
MTBLS130, N/A
MTBLS131, 35
MTBLS132, 35
MTBLS133, 14
MTBLS134, 14
MTBLS135, 47
MTBLS136, 1648
MTBLS137, 40
MTBLS138, 159
MTBLS139, N/A
MTBLS140, 43
MTBLS141, N/A
MTBLS142, 171
MTBLS143, 311
MTBLS144, 71
MTBLS145, 47
MTBLS146, 180
MTBLS147, 977
MTBLS148, 279
MTBLS149, 421
MTBLS150, 161
MTBLS151, 119
MTBLS152, 134
MTBLS153, N/A
MTBLS154, 23
MTBLS155, 33
MTBLS156, 103
MTBLS157, 59
MTBLS158, 89
MTBLS159, 23
MTBLS160, 224
MTBLS161, 116
MTBLS162, 63
MTBLS163, 23
MTBLS164, 389
MTBLS165, 56
MTBLS166, 13
MTBLS167, N/A
MTBLS168, 62
MTBLS169, 13
MTBLS170, 67
MTBLS171, 23
MTBLS172, 139
MTBLS173, 130
MTBLS174, 17
MTBLS175, 95
MTBLS176, 5
MTBLS177, 41
MTBLS178, 179
MTBLS179, 31
MTBLS180, 58
MTBLS181, 11
MTBLS182, 40
MTBLS183, 1056
MTBLS184, N/A
MTBLS185, 40
MTBLS186, 19
MTBLS187, 341
MTBLS188, 6
MTBLS189, 191
MTBLS190, N/A
MTBLS191, 55
MTBLS192, N/A
MTBLS193, 310
MTBLS194, 59
MTBLS195, N/A
MTBLS196, 167
MTBLS197, 129
MTBLS198, 503
MTBLS199, N/A
MTBLS200, 65
MTBLS201, 63
MTBLS202, N/A
MTBLS203, 49
MTBLS204, 85
MTBLS205, 111
MTBLS206, N/A
MTBLS207, N/A
MTBLS208, 26
MTBLS209, 149
MTBLS210, 61
MTBLS211, N/A
MTBLS212, 86
MTBLS213, 11
MTBLS214, 14
MTBLS215, 224
MTBLS216, 35
MTBLS217, 33
MTBLS218, 133
MTBLS219, 61
MTBLS220, 67
MTBLS221, 95
MTBLS222, N/A
MTBLS223, N/A
MTBLS224, N/A
MTBLS225, 133
MTBLS226, 63
MTBLS227, 30
MTBLS228, 18
MTBLS229, 38
MTBLS230, N/A
MTBLS231, N/A
MTBLS232, N/A
MTBLS233, 43
MTBLS234, 32
MTBLS235, 15
MTBLS236, N/A
MTBLS237, 239
MTBLS238, N/A
MTBLS239, 433
MTBLS240, 15
MTBLS241, 36
MTBLS242, 464
MTBLS243, 21
MTBLS244, N/A
MTBLS245, N/A
MTBLS246, N/A
MTBLS247, 27
MTBLS248, N/A
MTBLS249, 249
MTBLS250, N/A
MTBLS251, N/A
MTBLS252, N/A
MTBLS253, 85
MTBLS254, N/A
MTBLS255, N/A
MTBLS256, 34
MTBLS257, N/A
MTBLS258, N/A
MTBLS259, 72
MTBLS260, 83
MTBLS261, 358
MTBLS262, N/A
MTBLS263, 5
MTBLS264, 47
MTBLS265, 29
MTBLS266, 29
MTBLS267, 29
MTBLS268, N/A
MTBLS269, N/A
MTBLS270, 203
MTBLS271, N/A
MTBLS272, 218
MTBLS273, 110
MTBLS274, 17
MTBLS275, 19
MTBLS276, 32
MTBLS277, 104
MTBLS278, 32
MTBLS279, 87
MTBLS280, 87
MTBLS281, 30
MTBLS282, 12
MTBLS283, 35
MTBLS284, 124
MTBLS285, N/A
MTBLS286, 80
MTBLS287, 80
MTBLS288, 80
MTBLS289, 108
MTBLS290, 94
MTBLS291, 7
MTBLS292, 195
MTBLS293, 14
MTBLS294, N/A
MTBLS295, 146
MTBLS296, 191
MTBLS297, 11
MTBLS298, 59
MTBLS299, N/A
MTBLS300, N/A
MTBLS301, 47
MTBLS302, N/A
MTBLS303, 74
MTBLS304, 53
MTBLS305, N/A
MTBLS306, 128
MTBLS307, 131
MTBLS308, N/A
MTBLS309, 95
MTBLS310, N/A
MTBLS311, 287
MTBLS312, 49
MTBLS313, 3
MTBLS314, N/A
MTBLS315, 60
MTBLS316, 29
MTBLS317, 0
MTBLS318, 77
MTBLS319, 170
MTBLS320, 155
MTBLS321, 24
MTBLS322, 17
MTBLS323, N/A
MTBLS324, N/A
MTBLS325, N/A
MTBLS326, 41
MTBLS327, 38
MTBLS328, 35
MTBLS329, N/A
MTBLS330, 38
MTBLS331, 54
MTBLS332, 11
MTBLS333, 25
MTBLS334, 67
MTBLS335, 139
MTBLS336, 228
MTBLS337, 26
MTBLS338, 221
MTBLS339, N/A
MTBLS340, 23
MTBLS341, 54
MTBLS342, 52
MTBLS343, 19
MTBLS344, N/A
MTBLS345, 128
MTBLS346, 44
MTBLS347, N/A
MTBLS348, N/A
MTBLS349, 11
MTBLS350, 23
MTBLS351, N/A
MTBLS352, 729
MTBLS353, 23
MTBLS354, 238
MTBLS355, 122
MTBLS356, 53
MTBLS357, N/A
MTBLS358, 154
MTBLS359, 26
MTBLS360, 16
MTBLS361, 39
MTBLS362, 3
MTBLS363, 95
MTBLS364, 139
MTBLS365, N/A
MTBLS366, 19
MTBLS367, 27
MTBLS368, 1419
MTBLS369, N/A
MTBLS370, 58
MTBLS371, N/A
MTBLS372, 29
MTBLS373, 14669
MTBLS374, 123
MTBLS375, 49
MTBLS376, 77
MTBLS377, N/A
MTBLS378, 0
MTBLS379, 19
MTBLS380, 95
MTBLS381, 0
MTBLS382, 47
MTBLS383, 305
MTBLS384, 144
MTBLS385, 103
MTBLS386, 23
MTBLS387, 39
MTBLS388, N/A
MTBLS389, 564
MTBLS390, 95
MTBLS391, 0
MTBLS392, 23
MTBLS393, 81
MTBLS394, 0
MTBLS395, 977
MTBLS396, 2
MTBLS397, 1
MTBLS398, 4
MTBLS399, 9
MTBLS400, 31
MTBLS401, 158
MTBLS402, N/A
MTBLS403, 48
MTBLS404, 210
MTBLS405, 196
MTBLS406, 592
MTBLS407, 124
MTBLS408, 234
MTBLS409, 21
MTBLS410, 21
MTBLS411, 105
MTBLS412, 27
MTBLS413, 181
MTBLS414, 75
MTBLS415, 12
MTBLS416, N/A
MTBLS417, 239
MTBLS418, 17
MTBLS419, 116
MTBLS420, 88
MTBLS421, N/A
MTBLS422, 67
MTBLS423, 69
MTBLS424, 698
MTBLS425, 26
MTBLS426, 10
MTBLS427, 95
MTBLS428, 5
MTBLS429, 73
MTBLS430, 149
MTBLS431, 9
MTBLS432, 92
MTBLS433, 18
MTBLS434, 6474
MTBLS435, 13
MTBLS436, 175
MTBLS437, 17
MTBLS438, N/A
MTBLS439, N/A
MTBLS440, 35
MTBLS441, 159
MTBLS442, 49
MTBLS443, N/A
MTBLS444, 43
MTBLS445, 119
MTBLS446, N/A
MTBLS447, 44
MTBLS448, N/A
MTBLS449, 26
MTBLS450, 81
MTBLS451, 23
MTBLS452, 55
MTBLS453, 79
MTBLS454, 11
MTBLS455, 58
MTBLS456, 266
MTBLS457, 114
MTBLS458, N/A
MTBLS459, 152
MTBLS460, 49
MTBLS461, 14
MTBLS462, 3
MTBLS463, N/A
MTBLS464, 243
MTBLS465, 35
MTBLS466, N/A
MTBLS467, 41
MTBLS468, N/A
MTBLS469, 319
MTBLS470, 31
MTBLS471, 36
MTBLS472, 33
MTBLS473, 235
MTBLS474, N/A
MTBLS475, N/A
MTBLS476, 235
MTBLS477, N/A
MTBLS478, 21
MTBLS479, 38
MTBLS480, N/A
MTBLS481, 23
MTBLS482, 17
MTBLS483, 14
MTBLS484, 15
MTBLS485, N/A
MTBLS486, N/A
MTBLS487, 0
MTBLS488, 722
MTBLS489, N/A
MTBLS490, N/A
MTBLS491, N/A
MTBLS492, 99
MTBLS493, 63
MTBLS494, 7
MTBLS495, 39
MTBLS496, 47
MTBLS497, 139
MTBLS498, N/A
MTBLS499, N/A
MTBLS500, N/A
MTBLS501, N/A
MTBLS502, N/A
MTBLS503, N/A
MTBLS504, N/A
MTBLS505, N/A
MTBLS506, N/A
MTBLS507, N/A
MTBLS508, N/A
MTBLS509, N/A
MTBLS510, N/A
MTBLS511, N/A
MTBLS512, N/A
MTBLS513, N/A
MTBLS514, N/A
MTBLS515, N/A
MTBLS516, 63
MTBLS517, 262
MTBLS518, 277
MTBLS519, 47
MTBLS520, 158
MTBLS521, N/A
MTBLS522, 17
MTBLS523, 22
MTBLS524, 57
MTBLS525, 86
MTBLS526, 47
MTBLS527, 35
MTBLS528, 215
MTBLS529, 4039
MTBLS530, 46
MTBLS531, 15
MTBLS532, 119
MTBLS533, 35
MTBLS534, N/A
MTBLS535, 15
MTBLS536, 18
MTBLS537, N/A
MTBLS538, 107
MTBLS539, N/A
MTBLS540, 719
MTBLS541, 71
MTBLS542, 362
MTBLS543, 18
MTBLS544, 243
MTBLS545, 9
MTBLS546, 9
MTBLS547, 117
MTBLS548, 9
MTBLS549, 35
MTBLS550, N/A
MTBLS551, N/A
MTBLS552, 421
MTBLS553, 588
MTBLS554, 159
MTBLS555, 35
MTBLS556, N/A
MTBLS557, N/A
MTBLS558, 324
MTBLS559, 143
MTBLS560, 173
MTBLS561, 164
MTBLS562, 39
MTBLS563, 141
MTBLS564, 23
MTBLS565, N/A
MTBLS566, 1
MTBLS567, 33
MTBLS568, N/A
MTBLS569, N/A
MTBLS570, 46
MTBLS571, 27
MTBLS572, 17
MTBLS573, N/A
MTBLS574, 184
MTBLS575, 11
MTBLS576, 23
MTBLS577, 11
MTBLS578, 7
MTBLS579, 47
MTBLS580, 23
MTBLS581, 20
MTBLS582, 11
MTBLS583, 35
MTBLS584, 31
MTBLS585, N/A
MTBLS586, 29
MTBLS587, 0
MTBLS588, 0
MTBLS589, 7
MTBLS590, N/A
MTBLS591, 116
MTBLS592, N/A
MTBLS593, 43
MTBLS594, N/A
MTBLS595, N/A
MTBLS596, 39
MTBLS597, 41
MTBLS598, 1550
MTBLS599, 15
MTBLS600, 17
MTBLS601, 23
MTBLS602, 264
MTBLS603, N/A
MTBLS604, N/A
MTBLS605, N/A
MTBLS606, 23
MTBLS607, 10
MTBLS608, 157
MTBLS609, N/A
MTBLS610, N/A
MTBLS611, N/A
MTBLS612, 19
MTBLS613, 63
MTBLS614, 35
MTBLS615, 19
MTBLS616, 117
MTBLS617, N/A
MTBLS618, 44
MTBLS619, 54
MTBLS620, 427
MTBLS621, N/A
MTBLS622, 7
MTBLS623, 106
MTBLS624, 180
MTBLS625, N/A
MTBLS626, 143
MTBLS627, 56
MTBLS628, 20
MTBLS629, 39
MTBLS630, 26
MTBLS631, 39
MTBLS632, N/A
MTBLS633, 19
MTBLS634, 19
MTBLS635, N/A
MTBLS636, 248
MTBLS637, N/A
MTBLS638, 168
MTBLS639, 34
MTBLS640, 50
MTBLS641, 12
MTBLS642, 164
MTBLS643, N/A
MTBLS644, 529
MTBLS645, N/A
MTBLS646, N/A
MTBLS647, N/A
MTBLS648, 290
MTBLS649, N/A
MTBLS650, 11
MTBLS651, N/A
MTBLS652, 23
MTBLS653, 52
MTBLS654, 79
MTBLS655, N/A
MTBLS656, 207
MTBLS657, N/A
MTBLS658, 83
MTBLS659, N/A
MTBLS660, N/A
MTBLS661, 133
MTBLS662, 11
MTBLS663, N/A
MTBLS664, 165
MTBLS665, 65
MTBLS666, 20
MTBLS667, 62
MTBLS668, N/A
MTBLS669, 11
MTBLS670, 19
MTBLS671, 454
MTBLS672, N/A
MTBLS673, 57
MTBLS674, 97
MTBLS675, 59
MTBLS676, 249
MTBLS677, 116
MTBLS678, 32
MTBLS679, 516
MTBLS680, 76
MTBLS681, N/A
MTBLS682, 65
MTBLS683, 599
MTBLS684, N/A
MTBLS685, 139
MTBLS686, 35
MTBLS687, 334
MTBLS688, 2262
MTBLS689, 110
MTBLS690, 226
MTBLS691, 30
MTBLS692, 52
MTBLS693, 1693
MTBLS694, 212
MTBLS695, N/A
MTBLS696, 26
MTBLS697, 38
MTBLS698, 20
MTBLS699, 143
MTBLS700, 824
MTBLS701, 56
MTBLS702, 124
MTBLS703, 11
MTBLS704, 38
MTBLS705, 283
MTBLS706, 31
MTBLS707, 398
MTBLS708, 11
MTBLS709, 125
MTBLS710, 27
MTBLS711, N/A
MTBLS712, N/A
MTBLS713, N/A
MTBLS714, N/A
MTBLS715, N/A
MTBLS716, 269
MTBLS717, 1270
MTBLS718, 779
MTBLS719, 1752
MTBLS720, 29
MTBLS721, 48
MTBLS722, 58
MTBLS723, 16
MTBLS724, 20
MTBLS725, N/A
MTBLS726, 66
MTBLS727, 113
MTBLS728, N/A
MTBLS729, 232
MTBLS730, 17
MTBLS731, N/A
MTBLS732, N/A
MTBLS733, 9
MTBLS734, N/A
MTBLS735, 485
MTBLS736, 7
MTBLS737, 202
MTBLS738, 14
MTBLS739, 15
MTBLS740, 37
MTBLS741, N/A
MTBLS742, 187
MTBLS743, 1709
MTBLS744, 1
MTBLS745, 8
MTBLS746, 13
MTBLS747, N/A
MTBLS748, 41
MTBLS749, 493
MTBLS750, 10
MTBLS751, 98
MTBLS752, 13
MTBLS753, 61
MTBLS754, 13
MTBLS755, 16
MTBLS756, 99
MTBLS757, 17
MTBLS758, 14
MTBLS759, N/A
MTBLS760, 91
MTBLS761, 143
MTBLS762, 11
MTBLS763, 64
MTBLS764, N/A
MTBLS765, N/A
MTBLS766, N/A
MTBLS767, 25
MTBLS768, 29
MTBLS769, 6
MTBLS770, 35
MTBLS771, 10
MTBLS772, 10
MTBLS773, 64
MTBLS774, 214
MTBLS775, 34
MTBLS776, N/A
MTBLS777, 27
MTBLS778, N/A
MTBLS779, 29
MTBLS780, 861
MTBLS781, 3
MTBLS782, N/A
MTBLS783, N/A
MTBLS784, 61
MTBLS785, N/A
MTBLS786, N/A
MTBLS787, 91
MTBLS788, 104
MTBLS789, 24
MTBLS790, N/A
MTBLS791, N/A
MTBLS792, N/A
MTBLS793, N/A
MTBLS794, 20
MTBLS795, 31
MTBLS796, N/A
MTBLS797, 41
MTBLS798, 4868
MTBLS799, N/A
MTBLS800, N/A
MTBLS801, 2853
MTBLS802, 414
MTBLS803, 140
MTBLS804, 93
MTBLS805, 5
MTBLS806, 29
MTBLS807, 77
MTBLS808, 51
MTBLS809, 47
MTBLS810, N/A
MTBLS811, 3
MTBLS812, 20
MTBLS813, N/A
MTBLS814, 14
MTBLS815, N/A
MTBLS816, 285
MTBLS817, N/A
MTBLS818, N/A
MTBLS819, N/A
MTBLS820, N/A
MTBLS821, 61
MTBLS822, 106
MTBLS823, N/A
MTBLS824, 55
MTBLS825, 29
MTBLS826, 29
MTBLS827, N/A
MTBLS828, N/A
MTBLS829, N/A
MTBLS830, N/A
MTBLS831, N/A
MTBLS832, 212
MTBLS833, 62
MTBLS834, 61
MTBLS835, N/A
MTBLS836, 55
MTBLS837, N/A
MTBLS838, N/A
MTBLS839, 27
MTBLS840, 35
MTBLS841, 14
MTBLS842, 103
MTBLS843, 22
MTBLS844, 26
MTBLS845, N/A
MTBLS846, 7
MTBLS847, N/A
MTBLS848, 70
MTBLS849, 11
MTBLS850, N/A
MTBLS851, N/A
MTBLS852, 59
MTBLS853, N/A
MTBLS854, N/A
MTBLS855, 14
MTBLS856, 39
MTBLS857, N/A
MTBLS858, 37
MTBLS859, N/A
MTBLS860, N/A
MTBLS861, 115
MTBLS862, 44
MTBLS863, 115
MTBLS864, N/A
MTBLS865, 409
MTBLS866, 431
MTBLS867, 58
MTBLS868, 23
MTBLS869, 71
MTBLS870, 20
MTBLS871, 41
MTBLS872, 41
MTBLS873, 23
MTBLS874, 31
MTBLS875, N/A
MTBLS876, 60
MTBLS877, N/A
MTBLS878, N/A
MTBLS879, N/A
MTBLS880, N/A
MTBLS881, 590
MTBLS882, 24
MTBLS883, 141
MTBLS884, 807
MTBLS885, N/A
MTBLS886, N/A
MTBLS887, N/A
MTBLS888, N/A
MTBLS889, 47
MTBLS890, 36
MTBLS891, N/A
MTBLS892, 42
MTBLS893, 35
MTBLS894, N/A
MTBLS895, N/A
MTBLS896, 3847
MTBLS897, 47
MTBLS898, 111
MTBLS899, 237
MTBLS900, N/A
MTBLS901, N/A
MTBLS902, N/A
MTBLS903, N/A
MTBLS904, N/A
MTBLS905, N/A
MTBLS906, 371
MTBLS907, N/A
MTBLS908, N/A
MTBLS909, N/A
MTBLS910, N/A
MTBLS911, N/A
MTBLS912, N/A
MTBLS913, N/A
MTBLS914, N/A
MTBLS915, N/A
MTBLS916, 66
MTBLS917, N/A
MTBLS918, N/A
MTBLS919, N/A
MTBLS920, N/A
MTBLS921, N/A
MTBLS922, N/A
MTBLS923, 116
MTBLS924, N/A
MTBLS925, N/A
MTBLS926, N/A
MTBLS927, N/A
MTBLS928, N/A
MTBLS929, N/A
MTBLS930, N/A
MTBLS931, N/A
MTBLS932, N/A
MTBLS933, N/A
MTBLS934, N/A
MTBLS935, N/A
MTBLS936, N/A
MTBLS937, N/A
MTBLS938, N/A
MTBLS939, N/A
MTBLS940, N/A
MTBLS941, N/A
MTBLS942, N/A
MTBLS943, 24
MTBLS944, 113
MTBLS945, N/A
MTBLS946, 27
MTBLS947, N/A
MTBLS948, N/A
MTBLS949, N/A
MTBLS950, N/A
MTBLS951, 15
MTBLS952, 11
MTBLS953, N/A
MTBLS954, 15
MTBLS955, N/A
MTBLS956, N/A
MTBLS957, 80
MTBLS958, N/A
MTBLS959, 45
MTBLS960, N/A
MTBLS961, N/A
MTBLS962, 12
MTBLS963, N/A
MTBLS964, N/A
MTBLS965, N/A
MTBLS966, N/A
MTBLS967, N/A
MTBLS968, 107
MTBLS969, N/A
MTBLS970, N/A
MTBLS971, N/A
MTBLS972, N/A
MTBLS973, N/A
MTBLS974, 3369
MTBLS975, N/A
MTBLS976, N/A
MTBLS977, N/A
MTBLS978, N/A
MTBLS979, N/A
MTBLS980, N/A
MTBLS981, 71
MTBLS982, 104
MTBLS983, N/A
MTBLS984, 111
MTBLS985, N/A
MTBLS986, N/A
MTBLS987, N/A
MTBLS988, N/A
MTBLS989, N/A
MTBLS990, N/A
MTBLS991, N/A
MTBLS992, N/A
MTBLS993, N/A
MTBLS994, N/A
MTBLS995, N/A
MTBLS996, N/A
MTBLS997, N/A
MTBLS998, N/A
MTBLS999, 1319
MTBLS1000, N/A
MTBLS1001, N/A
MTBLS1002, N/A
MTBLS1003, N/A
MTBLS1004, N/A
MTBLS1005, N/A
MTBLS1006, N/A
MTBLS1007, N/A
MTBLS1008, N/A
MTBLS1009, N/A
MTBLS1010, N/A
MTBLS1011, N/A
MTBLS1012, N/A
MTBLS1013, N/A
MTBLS1014, 86
MTBLS1015, 237
MTBLS1016, N/A
MTBLS1017, N/A
MTBLS1018, N/A
MTBLS1019, N/A
MTBLS1020, N/A
MTBLS1021, N/A
MTBLS1022, N/A
MTBLS1023, N/A
MTBLS1024, 24
MTBLS1025, N/A
MTBLS1026, N/A
MTBLS1027, N/A
MTBLS1028, N/A
MTBLS1029, N/A
MTBLS1030, N/A
MTBLS1031, N/A
MTBLS1032, N/A
MTBLS1033, 170
MTBLS1034, N/A
MTBLS1035, N/A
MTBLS1036, N/A
MTBLS1037, N/A
MTBLS1038, N/A
MTBLS1039, 53
MTBLS1040, 977
MTBLS1041, 255
MTBLS1042, N/A
MTBLS1043, N/A
MTBLS1044, 71
MTBLS1045, 39
MTBLS1046, N/A
MTBLS1047, N/A
MTBLS1048, N/A
MTBLS1049, N/A
MTBLS1050, N/A
MTBLS1051, 83
MTBLS1052, N/A
MTBLS1053, N/A
MTBLS1054, N/A
MTBLS1055, N/A
MTBLS1056, N/A
MTBLS1057, N/A
MTBLS1058, N/A
MTBLS1059, N/A
MTBLS1060, N/A
MTBLS1061, N/A
MTBLS1062, N/A
MTBLS1063, N/A
MTBLS1064, N/A
MTBLS1065, N/A
MTBLS1066, 6
MTBLS1067, N/A
MTBLS1068, N/A
MTBLS1069, N/A
MTBLS1070, N/A
MTBLS1071, 5
MTBLS1072, N/A
MTBLS1073, 17
MTBLS1074, N/A
MTBLS1075, N/A
MTBLS1076, N/A
MTBLS1077, N/A
MTBLS1078, N/A
MTBLS1079, 151
MTBLS1080, 70
MTBLS1081, N/A
MTBLS1082, N/A
MTBLS1083, N/A
MTBLS1084, N/A
MTBLS1085, 214
MTBLS1086, N/A
MTBLS1087, N/A
MTBLS1088, N/A
MTBLS1089, N/A
MTBLS1090, N/A
MTBLS1091, N/A
MTBLS1092, N/A
MTBLS1093, 87
MTBLS1094, N/A
MTBLS1095, 1014
MTBLS1096, N/A
MTBLS1097, N/A
MTBLS1098, N/A
MTBLS1099, N/A
MTBLS1100, N/A
MTBLS1101, N/A
MTBLS1102, N/A
MTBLS1103, 23
MTBLS1104, 33
MTBLS1105, N/A
MTBLS1106, N/A
MTBLS1107, N/A
MTBLS1108, 411
MTBLS1109, N/A
MTBLS1110, N/A
MTBLS1111, N/A
MTBLS1112, N/A
MTBLS1113, N/A
MTBLS1114, N/A
MTBLS1115, 33
MTBLS1116, N/A
MTBLS1117, N/A
MTBLS1118, N/A
MTBLS1119, N/A
MTBLS1120, N/A
MTBLS1121, N/A
MTBLS1122, 263
MTBLS1123, N/A
MTBLS1124, 263
MTBLS1125, N/A
MTBLS1126, N/A
MTBLS1127, 14
MTBLS1128, N/A
MTBLS1129, 263
MTBLS1130, 263
MTBLS1131, N/A
MTBLS1132, 47
MTBLS1133, 167
MTBLS1134, N/A
MTBLS1135, N/A
MTBLS1136, N/A
MTBLS1137, N/A
MTBLS1138, 90
MTBLS1139, N/A
MTBLS1140, 16
MTBLS1141, N/A
MTBLS1142, N/A
MTBLS1143, N/A
MTBLS1144, N/A
MTBLS1145, 35
MTBLS1146, N/A
MTBLS1147, N/A
MTBLS1148, N/A
MTBLS1149, N/A
MTBLS1150, N/A
MTBLS1151, N/A
MTBLS1152, N/A
MTBLS1153, N/A
MTBLS1154, N/A
MTBLS1155, N/A
MTBLS1156, N/A
MTBLS1157, N/A
MTBLS1158, N/A
MTBLS1159, N/A
MTBLS1160, N/A
MTBLS1161, N/A
MTBLS1162, N/A
MTBLS1163, N/A
MTBLS1164, N/A
MTBLS1165, N/A
MTBLS1166, N/A
MTBLS1167, 61
MTBLS1168, 79
MTBLS1169, N/A
MTBLS1170, N/A
MTBLS1171, N/A
MTBLS1172, N/A
MTBLS1173, N/A
MTBLS1174, N/A
MTBLS1175, N/A
MTBLS1176, N/A
MTBLS1177, N/A
MTBLS1178, N/A
MTBLS1179, N/A
MTBLS1180, N/A
MTBLS1181, N/A
MTBLS1182, 11
MTBLS1183, 418
MTBLS1184, N/A
MTBLS1185, N/A
MTBLS1186, 33
MTBLS1187, 142
MTBLS1188, 35
MTBLS1189, N/A
MTBLS1190, N/A
MTBLS1191, 15
MTBLS1192, N/A
MTBLS1193, N/A
MTBLS1194, N/A
MTBLS1195, N/A
MTBLS1196, 7
MTBLS1197, N/A
MTBLS1198, 31
MTBLS1199, N/A
MTBLS1200, N/A
MTBLS1201, N/A
MTBLS1202, N/A
MTBLS1203, N/A
MTBLS1204, N/A
MTBLS1205, N/A
MTBLS1206, 197
MTBLS1207, N/A
MTBLS1208, N/A
MTBLS1209, 41
MTBLS1210, 14
MTBLS1211, N/A
MTBLS1212, N/A
MTBLS1213, N/A
MTBLS1214, N/A
MTBLS1215, N/A
MTBLS1216, N/A
MTBLS1217, 10
MTBLS1218, N/A
MTBLS1219, 45
MTBLS1220, N/A
MTBLS1221, 26
MTBLS1222, N/A
MTBLS1223, 11
MTBLS1224, N/A
MTBLS1225, 69
MTBLS1226, N/A
MTBLS1227, N/A
MTBLS1228, 153
MTBLS1229, N/A
MTBLS1230, N/A
MTBLS1231, N/A
MTBLS1232, N/A
MTBLS1233, N/A
MTBLS1234, N/A
MTBLS1235, N/A
MTBLS1236, N/A
MTBLS1237, N/A
MTBLS1238, N/A
MTBLS1239, N/A
MTBLS1240, N/A
MTBLS1241, N/A
MTBLS1242, N/A
MTBLS1243, N/A
MTBLS1244, N/A
MTBLS1245, N/A
MTBLS1246, N/A
MTBLS1247, N/A
MTBLS1248, N/A
MTBLS1249, N/A
MTBLS1250, N/A
MTBLS1251, N/A
MTBLS1252, N/A
MTBLS1253, N/A
MTBLS1254, N/A
MTBLS1255, N/A
MTBLS1256, N/A
MTBLS1257, 249
MTBLS1258, N/A
MTBLS1259, 251
MTBLS1260, N/A
MTBLS1261, N/A
MTBLS1262, N/A
MTBLS1263, N/A
MTBLS1264, 7791
MTBLS1265, N/A
MTBLS1266, 79
MTBLS1267, 465
MTBLS1268, N/A
MTBLS1269, N/A
MTBLS1270, N/A
MTBLS1271, N/A
MTBLS1272, N/A
MTBLS1273, N/A
MTBLS1274, 29
MTBLS1275, 79
MTBLS1276, N/A
MTBLS1277, N/A
MTBLS1278, N/A
MTBLS1279, N/A
MTBLS1280, N/A
MTBLS1281, N/A
MTBLS1282, 35
MTBLS1283, N/A
MTBLS1284, N/A
MTBLS1285, 62
MTBLS1286, 74
MTBLS1287, N/A
MTBLS1288, N/A
MTBLS1289, N/A
MTBLS1290, N/A
MTBLS1291, N/A
MTBLS1292, N/A
MTBLS1293, N/A
MTBLS1294, N/A
MTBLS1295, 95
MTBLS1296, N/A
MTBLS1297, N/A
MTBLS1298, N/A
MTBLS1299, N/A
MTBLS1300, N/A
MTBLS1301, 11
MTBLS1302, 3
MTBLS1303, N/A
MTBLS1304, N/A
MTBLS1305, N/A
MTBLS1306, N/A
MTBLS1307, N/A
MTBLS1308, N/A
MTBLS1309, 43
MTBLS1310, N/A
MTBLS1311, 41
MTBLS1312, N/A
MTBLS1313, N/A
MTBLS1314, N/A
MTBLS1315, N/A
MTBLS1316, N/A
MTBLS1317, N/A
MTBLS1318, N/A
MTBLS1319, 254
MTBLS1320, 23
MTBLS1321, N/A
MTBLS1322, N/A
MTBLS1323, N/A
MTBLS1324, N/A
MTBLS1325, N/A
MTBLS1326, 49
MTBLS1327, N/A
MTBLS1328, N/A
MTBLS1329, N/A
MTBLS1330, N/A
MTBLS1331, N/A
MTBLS1332, N/A
MTBLS1333, 57
MTBLS1334, 54
MTBLS1335, N/A
MTBLS1336, N/A
MTBLS1337, N/A
MTBLS1338, N/A
MTBLS1339, N/A
MTBLS1340, N/A
MTBLS1341, N/A
MTBLS1342, N/A
MTBLS1343, N/A
MTBLS1344, N/A
MTBLS1345, N/A
MTBLS1346, N/A
MTBLS1347, N/A
MTBLS1348, N/A
MTBLS1349, N/A
MTBLS1350, N/A
MTBLS1351, N/A
MTBLS1352, N/A
MTBLS1353, N/A
MTBLS1354, N/A
MTBLS1355, 99
MTBLS1356, N/A
MTBLS1357, 69
MTBLS1358, 151
MTBLS1359, 157
MTBLS1360, N/A
MTBLS1361, N/A
MTBLS1362, N/A
MTBLS1363, N/A
MTBLS1364, N/A
MTBLS1365, N/A
MTBLS1366, N/A
MTBLS1367, N/A
MTBLS1368, N/A
MTBLS1369, 84
MTBLS1370, 160
MTBLS1371, 129
MTBLS1372, N/A
MTBLS1373, N/A
MTBLS1374, N/A
MTBLS1375, 144
MTBLS1376, 17
MTBLS1377, N/A
MTBLS1378, N/A
MTBLS1379, N/A
MTBLS1380, N/A
MTBLS1381, 179
MTBLS1382, 33
MTBLS1383, 14
MTBLS1384, N/A
MTBLS1385, N/A
MTBLS1386, 47
MTBLS1387, N/A
MTBLS1388, 55
MTBLS1389, N/A
MTBLS1390, 33
MTBLS1391, 15
MTBLS1392, N/A
MTBLS1393, N/A
MTBLS1394, N/A
MTBLS1395, N/A
MTBLS1396, 708
MTBLS1397, N/A
MTBLS1398, N/A
MTBLS1399, 219
MTBLS1400, N/A
MTBLS1401, N/A
MTBLS1402, 251
MTBLS1403, N/A
MTBLS1404, N/A
MTBLS1405, 1359
MTBLS1406, N/A
MTBLS1407, 26
MTBLS1408, N/A
MTBLS1409, N/A
MTBLS1410, 41
MTBLS1411, 15
MTBLS1412, N/A
MTBLS1413, N/A
MTBLS1414, N/A
MTBLS1415, N/A
MTBLS1416, 29
MTBLS1417, N/A
MTBLS1418, N/A
MTBLS1419, N/A
MTBLS1420, N/A
MTBLS1421, N/A
MTBLS1422, N/A
MTBLS1423, N/A
MTBLS1424, N/A
MTBLS1425, N/A
MTBLS1426, N/A
MTBLS1427, N/A
MTBLS1428, N/A
MTBLS1429, N/A
MTBLS1430, 10
MTBLS1431, N/A
MTBLS1432, 19
MTBLS1433, N/A
MTBLS1434, N/A
MTBLS1435, 50
MTBLS1436, N/A
MTBLS1437, 15
MTBLS1438, N/A
MTBLS1439, N/A
MTBLS1440, N/A
MTBLS1441, N/A
MTBLS1442, N/A
MTBLS1443, 110
MTBLS1444, N/A
MTBLS1445, N/A
MTBLS1446, 114
MTBLS1447, N/A
MTBLS1448, N/A
MTBLS1449, N/A
MTBLS1450, N/A
MTBLS1451, N/A
MTBLS1452, 83
MTBLS1453, N/A
MTBLS1454, N/A
MTBLS1455, 50
MTBLS1456, N/A
MTBLS1457, N/A
MTBLS1458, N/A
MTBLS1459, N/A
MTBLS1460, N/A
MTBLS1461, N/A
MTBLS1462, N/A
MTBLS1463, 33
MTBLS1464, 197
MTBLS1465, 491
MTBLS1466, N/A
MTBLS1467, N/A
MTBLS1468, N/A
MTBLS1469, N/A
MTBLS1470, N/A
MTBLS1471, N/A
MTBLS1472, N/A
MTBLS1473, N/A
MTBLS1474, 42
MTBLS1475, N/A
MTBLS1476, N/A
MTBLS1477, N/A
MTBLS1478, N/A
MTBLS1479, N/A
MTBLS1480, N/A
MTBLS1481, N/A
MTBLS1482, N/A
MTBLS1483, N/A
MTBLS1484, N/A
MTBLS1485, 45
MTBLS1486, N/A
MTBLS1487, N/A
MTBLS1488, 253
MTBLS1489, N/A
MTBLS1490, 11
MTBLS1491, N/A
MTBLS1492, N/A
MTBLS1493, N/A
MTBLS1494, N/A
MTBLS1495, 44
MTBLS1496, N/A
MTBLS1497, 974
MTBLS1498, N/A
MTBLS1499, N/A
MTBLS1500, N/A
MTBLS1501, N/A
MTBLS1502, N/A
MTBLS1503, 15
MTBLS1504, N/A
MTBLS1505, N/A
MTBLS1506, N/A
MTBLS1507, 143
MTBLS1508, N/A
MTBLS1509, 541
MTBLS1510, N/A
MTBLS1511, N/A
MTBLS1512, N/A
MTBLS1513, N/A
MTBLS1514, N/A
MTBLS1515, N/A
MTBLS1516, N/A
MTBLS1517, N/A
MTBLS1518, 97
MTBLS1519, N/A
MTBLS1520, N/A
MTBLS1521, N/A
MTBLS1522, N/A
MTBLS1523, N/A
MTBLS1524, N/A
MTBLS1525, N/A
MTBLS1526, N/A
MTBLS1527, N/A
MTBLS1528, N/A
MTBLS1529, N/A
MTBLS1530, N/A
MTBLS1531, 42
MTBLS1532, N/A
MTBLS1533, N/A
MTBLS1534, N/A
MTBLS1535, N/A
MTBLS1536, N/A
MTBLS1537, 35
MTBLS1538, N/A
MTBLS1539, N/A
MTBLS1540, 18
MTBLS1541, 1682
MTBLS1542, N/A
MTBLS1543, N/A
MTBLS1544, 15
MTBLS1545, N/A
MTBLS1546, N/A
MTBLS1547, N/A
MTBLS1548, N/A
MTBLS1549, N/A
MTBLS1550, 42
MTBLS1551, N/A
MTBLS1552, N/A
MTBLS1553, N/A
MTBLS1554, N/A
MTBLS1555, N/A
MTBLS1556, N/A
MTBLS1557, N/A
MTBLS1558, 161
MTBLS1559, 353
MTBLS1560, N/A
MTBLS1561, 94
MTBLS1562, N/A
MTBLS1563, N/A
MTBLS1564, N/A
MTBLS1565, 107
MTBLS1566, N/A
MTBLS1567, N/A
MTBLS1568, N/A
MTBLS1569, 31
MTBLS1570, 200
MTBLS1571, N/A
MTBLS1572, 77
MTBLS1573, N/A
MTBLS1574, N/A
MTBLS1575, N/A
MTBLS1576, N/A
MTBLS1577, N/A
MTBLS1578, N/A
MTBLS1579, 103
MTBLS1580, N/A
MTBLS1581, N/A
MTBLS1582, N/A
MTBLS1583, N/A
MTBLS1584, N/A
MTBLS1585, N/A
MTBLS1586, N/A
MTBLS1587, N/A
MTBLS1588, N/A
MTBLS1589, N/A
MTBLS1590, N/A
MTBLS1591, N/A
MTBLS1592, N/A
MTBLS1593, N/A
MTBLS1594, N/A
MTBLS1595, N/A
MTBLS1596, N/A
MTBLS1597, N/A
MTBLS1598, N/A
MTBLS1599, N/A
MTBLS1600, N/A
MTBLS1601, N/A
MTBLS1602, N/A
MTBLS1603, N/A
MTBLS1604, N/A
MTBLS1605, N/A
MTBLS1606, 9
MTBLS1607, N/A
MTBLS1608, N/A
MTBLS1609, N/A
MTBLS1610, 529
MTBLS1611, N/A
MTBLS1612, 26
MTBLS1613, N/A
MTBLS1614, N/A
MTBLS1615, N/A
MTBLS1616, N/A
MTBLS1617, N/A
MTBLS1618, N/A
MTBLS1619, N/A
MTBLS1620, N/A
MTBLS1621, N/A
MTBLS1622, 22
MTBLS1623, N/A
MTBLS1624, N/A
MTBLS1625, N/A
MTBLS1626, N/A
MTBLS1627, 377
MTBLS1628, N/A
MTBLS1629, N/A
MTBLS1630, N/A
MTBLS1631, N/A
MTBLS1632, N/A
MTBLS1633, N/A
MTBLS1634, N/A
MTBLS1635, N/A
MTBLS1636, 37
MTBLS1637, N/A
MTBLS1638, N/A
MTBLS1639, N/A
